timestamp,porcentaje,angulo_rad,voltaje
1786410972.109,1.4167033433914185,42.00
1786410972.648,1.405421257019043,42.00
1786410973.075,1.405421257019043,42.00
1786410973.277,1.4102563858032227,42.00
1786410973.480,1.3981684446334839,42.00
1786410973.683,1.4094505310058594,42.00
1786410973.885,1.411062240600586,42.00
1786410974.088,1.4078388214111328,42.00
1786410974.627,1.4102563858032227,42.00
1786410975.165,1.411062240600586,42.00
1786410975.472,1.4118680953979492,42.00
1786410975.675,1.4102563858032227,42.00
1786410975.878,1.411062240600586,42.00
1786410976.080,1.4094505310058594,42.00
1786410976.284,1.411062240600586,42.00
1786410976.487,1.418315052986145,42.00
1786410976.690,1.414285659790039,42.00
1786410976.893,1.4078388214111328,42.00
1786410977.096,1.4070329666137695,42.00
1786410977.300,1.4078388214111328,43.00
1786410977.503,1.411062240600586,42.00
1786410977.705,1.4175091981887817,42.00
1786410977.908,1.4134798049926758,42.00
1786410978.111,1.411062240600586,42.00
1786410978.315,1.4118680953979492,42.00
1786410978.518,1.4134798049926758,42.00
1786410978.721,1.4013919830322266,42.00
1786410978.924,1.4118680953979492,42.00
1786410979.128,1.4078388214111328,42.00
1786410979.331,1.4094505310058594,42.00
1786410979.534,1.4118680953979492,42.00
1786410979.737,1.4070329666137695,42.00
1786410979.940,1.4175091981887817,42.00
1786410980.144,1.414285659790039,42.00
1786410980.347,1.4078388214111328,42.00
1786410980.551,1.411062240600586,42.00
1786410980.753,1.4126739501953125,42.00
1786410980.956,1.408644676208496,42.00
1786410981.159,1.405421257019043,42.00
1786410981.362,1.4078388214111328,42.00
1786410981.566,1.411062240600586,42.00
1786410981.769,1.408644676208496,42.00
1786410981.971,1.4102563858032227,42.00
1786410982.174,1.4167033433914185,42.00
1786410982.376,1.4094505310058594,42.00
1786410982.581,1.4134798049926758,42.00
1786410982.785,1.4102563858032227,42.00
1786410982.989,1.4094505310058594,42.00
1786410983.191,1.4102563858032227,42.00
1786410983.394,1.4070329666137695,42.00
1786410983.597,1.4070329666137695,42.00
1786410983.801,1.4134798049926758,42.00
1786410984.005,1.457802176475525,44.00
1786410984.208,1.47391939163208,44.00
1786410984.410,1.4642490148544312,44.00
1786410984.613,1.560146450996399,47.00
1786410984.816,1.8180220127105713,55.00
1786410985.019,1.9856411218643188,60.00
1786410985.222,2.0033700466156006,60.00
1786410985.424,2.0621979236602783,62.00
1786410985.628,2.0992674827575684,63.00
1786410985.831,2.1532599925994873,65.00
1786410986.034,2.178241729736328,66.00
1786410986.237,2.2306227684020996,67.00
1786410986.441,2.2362637519836426,67.00
1786410986.646,2.286227226257324,69.00
1786410986.850,2.2950916290283203,69.00
1786410987.053,2.307985305786133,69.00
1786410987.256,2.368424892425537,71.00
1786410987.460,2.385348081588745,72.00
1786410987.663,2.439340591430664,73.00
1786410987.867,2.4522345066070557,74.00
1786410988.071,2.5537729263305664,77.00
1786410988.274,2.7649083137512207,83.00
1786410988.478,2.95025634765625,89.00
1786410988.681,3.095311403274536,93.00
1786410988.885,3.299999952316284,100.00
1786410989.088,3.299999952316284,100.00
1786410989.291,3.299999952316284,100.00
1786410989.495,3.299999952316284,100.00
1786410989.699,3.299999952316284,100.00
1786410989.902,3.299999952316284,100.00
1786410990.105,3.299999952316284,100.00
1786410990.308,3.299999952316284,100.00
1786410990.512,3.299999952316284,100.00
1786410990.715,3.299999952316284,100.00
1786410990.918,3.299999952316284,100.00
1786410991.121,3.299999952316284,100.00
1786410991.324,3.299999952316284,100.00
1786410991.527,3.299999952316284,100.00
1786410991.730,3.299999952316284,100.00
1786410991.934,3.299999952316284,100.00
1786410992.136,3.299999952316284,100.00
1786410992.339,3.299999952316284,100.00
1786410992.543,3.299999952316284,100.00
1786410992.745,3.299999952316284,100.00
1786410992.948,3.299999952316284,100.00
1786410993.152,3.299999952316284,100.00
1786410993.355,3.299999952316284,100.00
1786410993.558,3.299999952316284,100.00
1786410993.761,3.299999952316284,100.00
1786410993.964,3.299999952316284,100.00
1786410994.167,3.299999952316284,100.00
1786410994.370,3.299999952316284,100.00
1786410994.573,3.299999952316284,100.00
1786410994.776,3.299999952316284,100.00
1786410994.978,3.299999952316284,100.00
1786410995.181,3.299999952316284,100.00
1786410995.385,3.299999952316284,100.00
1786410995.588,3.299999952316284,100.00
1786410995.791,3.299999952316284,100.00
1786410995.995,3.299999952316284,100.00
1786410996.197,3.299999952316284,100.00
1786410996.400,3.299999952316284,100.00
1786410996.603,3.299999952316284,100.00
1786410996.806,3.299999952316284,100.00
1786410997.010,3.114651918411255,94.00
1786410997.212,3.071941375732422,93.00
1786410997.416,3.0711355209350586,93.00
1786410997.618,2.9961905479431152,90.00
1786410997.821,2.978461503982544,90.00
1786410998.026,2.964761972427368,89.00
1786410998.230,2.9575090408325195,89.00
1786410998.433,2.8358242511749268,85.00
1786410998.636,2.7729671001434326,84.00
1786410998.838,2.7504029273986816,83.00
1786410999.041,2.654505491256714,80.00
1786410999.244,2.3829305171966553,72.00
1786410999.447,2.2991209030151367,69.00
1786410999.651,2.249157428741455,68.00
1786410999.853,2.2451281547546387,68.00
1786411000.055,2.2048351764678955,66.00
1786411000.258,1.923589825630188,62.00
1786411000.461,1.8180220127105713,56.00
1786411000.665,1.7898168563842773,55.00
1786411000.868,1.7914286851882935,54.00
1786411001.072,1.780146598815918,54.00
1786411001.275,1.767252802848816,53.00
1786411001.478,1.7777290344238281,53.00
1786411001.681,1.7326008081436157,53.00
1786411001.885,1.7108426094055176,52.00
1786411002.088,1.7172894477844238,51.00
1786411002.291,1.7003663778305054,51.00
1786411002.494,1.3619047403335571,47.00
1786411002.697,1.2369962930679321,39.00
1786411002.899,1.2369962930679321,37.00
1786411003.102,1.2369962930679321,37.00
1786411003.306,1.2241026163101196,37.00
1786411003.509,1.1918681859970093,37.00
1786411003.713,1.1862270832061768,36.00
1786411003.917,1.1789743900299072,35.00
1786411004.120,1.1741392612457275,35.00
1786411004.323,1.1290110349655151,34.00
1786411004.526,1.0186080932617188,27.00
1786411004.728,0.863882839679718,26.00
1786411004.932,0.863882839679718,26.00
1786411005.137,0.8654945492744446,26.00
1786411005.340,0.8066666722297668,24.00
1786411005.544,0.7518681287765503,23.00
1786411005.747,0.5028571486473083,21.00
1786411005.949,0.44241759181022644,15.00
1786411006.152,0.3956776559352875,13.00
1786411006.355,0.3537728786468506,11.00
1786411006.558,0.3183150291442871,10.00
1786411006.761,0.30219781398773193,9.00
1786411006.964,0.24417583644390106,7.00
1786411007.167,0.1934065967798233,5.00
1786411007.369,0.12732601165771484,3.00
1786411007.572,0.061245422810316086,2.00
1786411007.775,0.0,0.00
1786411007.978,0.0,0.00
1786411008.182,0.0,0.00
1786411008.385,0.0,0.00
1786411008.587,0.0,0.00
1786411008.790,0.0,0.00
1786411008.992,0.0,0.00
1786411009.195,0.0,0.00
1786411009.398,0.0,0.00
1786411009.601,0.0,0.00
1786411009.804,0.0,0.00
1786411010.006,0.0,0.00
1786411010.209,0.0,0.00
1786411010.412,0.0,0.00
1786411010.616,0.0,0.00
1786411010.820,0.0,0.00
1786411011.023,0.0,0.00
1786411011.225,0.0,0.00
1786411011.428,0.0,0.00
1786411011.632,0.0,0.00
1786411011.836,0.0,0.00
1786411012.039,0.0,0.00
1786411012.241,0.0,0.00
1786411012.444,0.0,0.00
1786411012.647,0.0,0.00
1786411012.850,0.0,0.00
1786411013.053,0.0,0.00
1786411013.255,0.0,0.00
1786411013.459,0.0,0.00
1786411013.661,0.0,0.00
1786411013.863,0.0,0.00
1786411014.066,0.0,0.00
1786411014.269,0.0,0.00
1786411014.472,0.0,0.00
1786411014.675,0.0,0.00
1786411014.878,0.0,0.00
1786411015.081,0.0,0.00
1786411015.283,0.0,0.00
1786411015.485,0.0,0.00
1786411015.689,0.0,0.00
1786411015.893,0.0,0.00
1786411016.096,0.0,0.00
1786411016.299,0.0,0.00
1786411016.502,0.0,0.00
1786411016.705,0.0,0.00
1786411016.908,0.0,0.00
1786411017.111,0.0,0.00
1786411017.314,0.0,0.00
1786411017.517,0.0,0.00
1786411017.719,0.004029304254800081,0.00
1786411017.922,0.00483516464009881,0.00
1786411018.125,0.01289377361536026,1.00
1786411018.327,0.06043956056237221,1.00
1786411018.531,0.0644688680768013,2.00
1786411018.734,0.06608058512210846,2.00
1786411018.937,0.0797802209854126,4.00
1786411019.140,0.13216117024421692,4.00
1786411019.344,0.1369963437318802,11.00
1786411019.547,0.3868131935596466,14.00
1786411019.751,0.4859340786933899,14.00
1786411019.954,0.4883516728878021,14.00
1786411020.157,0.4899633824825287,14.00
1786411020.359,0.4923809766769409,16.00
1786411020.563,0.5367032885551453,16.00
1786411020.766,0.554432213306427,17.00
1786411020.969,0.7889377474784851,21.00
1786411021.172,0.8743590116500854,25.00
1786411021.374,0.9235165119171143,27.00
1786411021.578,0.9202930927276611,27.00
1786411021.781,0.9493040442466736,28.00
1786411021.984,0.9501098990440369,28.00
1786411022.188,0.9549450874328613,28.00
1786411022.391,0.9775092005729675,29.00
1786411022.594,0.9920147061347961,30.00
1786411022.797,1.0081318616867065,30.00
1786411022.999,1.0452015399932861,32.00
1786411023.202,1.0701831579208374,32.00
1786411023.406,1.075018286705017,32.00
1786411023.609,1.1136996746063232,33.00
1786411023.812,1.124175786972046,34.00
1786411024.016,1.1193406581878662,33.00
1786411024.220,1.1547985076904297,34.00
1786411024.422,1.1886446475982666,36.00
1786411024.624,1.215238094329834,36.00
1786411024.827,1.2257143259048462,37.00
1786411025.030,1.265201449394226,38.00
1786411025.232,1.2797069549560547,38.00
1786411025.434,1.340146541595459,40.00
1786411025.637,1.4569963216781616,44.00
1786411025.840,1.5657875537872314,47.00
1786411026.267,1.7326008081436157,52.00
1786411026.809,1.9260073900222778,58.00
1786411027.124,1.950989007949829,59.00
1786411027.327,1.9493772983551025,59.00
1786411027.531,1.957435965538025,59.00
1786411027.734,1.9485714435577393,59.00
1786411027.937,1.951794981956482,59.00
1786411028.140,1.9526008367538452,59.00
1786411028.344,1.9429304599761963,58.00
1786411028.650,1.955018401145935,62.00
1786411028.854,2.05010986328125,62.00
1786411029.057,2.0541391372680664,64.00
1786411029.259,2.1137728691101074,65.00
1786411029.463,2.158095359802246,66.00
1786411029.666,2.178241729736328,66.00
1786411029.869,2.1790475845336914,70.00
1786411030.072,2.322490930557251,72.00
1786411030.275,2.3780951499938965,72.00
1786411030.478,2.3893773555755615,74.00
1786411030.682,2.4570696353912354,74.00
1786411030.885,2.4747984409332275,76.00
1786411031.088,2.5400731563568115,77.00
1786411031.292,2.5690841674804688,77.00
1786411031.495,2.643223524093628,78.00
1786411031.699,2.652087926864624,80.00
1786411031.904,2.66336989402771,80.00
1786411032.107,2.872893810272217,80.00
1786411032.311,3.1331868171691895,87.00
1786411032.515,3.299999952316284,94.00
1786411032.718,3.299999952316284,100.00
1786411032.922,3.299999952316284,100.00
1786411033.125,3.299999952316284,100.00
1786411033.329,3.299999952316284,100.00
1786411033.532,3.299999952316284,100.00
1786411033.736,3.299999952316284,100.00
1786411033.939,3.299999952316284,100.00
1786411034.143,3.299999952316284,100.00
1786411034.347,3.299999952316284,100.00
1786411034.550,3.299999952316284,100.00
1786411034.754,3.299999952316284,100.00
1786411034.958,3.299999952316284,100.00
1786411035.162,3.299999952316284,100.00
1786411035.364,3.299999952316284,100.00
1786411035.567,3.299999952316284,100.00
1786411035.770,3.299999952316284,100.00
1786411035.973,3.299999952316284,100.00
1786411036.176,3.299999952316284,100.00
1786411036.379,3.299999952316284,100.00
1786411036.583,3.299999952316284,100.00
1786411036.785,3.299999952316284,100.00
1786411036.988,3.299999952316284,100.00
1786411037.191,3.299999952316284,100.00
1786411037.395,3.299999952316284,100.00
1786411037.598,3.299999952316284,100.00
1786411037.801,3.299999952316284,100.00
1786411038.004,3.299999952316284,100.00
1786411038.207,3.299999952316284,100.00
1786411038.411,3.299999952316284,100.00
1786411038.614,3.299999952316284,100.00
1786411038.818,3.299999952316284,100.00
1786411039.021,3.299999952316284,100.00
1786411039.225,3.299999952316284,100.00
1786411039.428,3.299999952316284,100.00
1786411039.631,3.299999952316284,100.00
1786411039.834,3.299999952316284,100.00
1786411040.038,3.299999952316284,100.00
1786411040.241,3.299999952316284,100.00
1786411040.444,3.299999952316284,100.00
1786411040.647,3.299999952316284,100.00
1786411040.851,3.299999952316284,100.00
1786411041.055,3.299999952316284,100.00
1786411041.258,3.299999952316284,100.00
1786411041.462,3.299999952316284,100.00
1786411041.664,3.299999952316284,100.00
1786411041.867,3.299999952316284,100.00
1786411042.070,3.299999952316284,100.00
1786411042.273,3.299999952316284,100.00
1786411042.475,3.299999952316284,100.00
1786411042.678,3.299999952316284,100.00
1786411042.881,3.299999952316284,100.00
1786411043.083,3.299999952316284,100.00
1786411043.287,3.299999952316284,100.00
1786411043.490,3.299999952316284,100.00
1786411043.694,3.299999952316284,100.00
1786411043.897,3.299999952316284,100.00
1786411044.100,3.299999952316284,100.00
1786411044.303,3.299999952316284,100.00
1786411044.506,3.299999952316284,100.00
1786411044.710,3.299999952316284,100.00
1786411044.913,3.299999952316284,100.00
1786411045.116,3.299999952316284,100.00
1786411045.319,3.299999952316284,100.00
1786411045.521,3.299999952316284,100.00
1786411045.724,3.299999952316284,100.00
1786411045.928,3.299999952316284,100.00
1786411046.132,3.299999952316284,100.00
1786411046.336,3.299999952316284,100.00
1786411046.540,3.299999952316284,100.00
1786411046.743,3.299999952316284,100.00
1786411046.947,3.299999952316284,100.00
1786411047.151,3.299999952316284,100.00
1786411047.354,3.299999952316284,100.00
1786411047.556,3.299999952316284,100.00
1786411047.759,3.299999952316284,100.00
1786411047.962,3.299999952316284,100.00
1786411048.165,3.299999952316284,100.00
1786411048.369,3.299999952316284,100.00
1786411048.572,3.299999952316284,100.00
1786411048.776,3.299999952316284,100.00
1786411048.979,3.299999952316284,100.00
1786411049.182,3.299999952316284,100.00
1786411049.385,3.299999952316284,100.00
1786411049.588,3.299999952316284,100.00
1786411049.791,3.299999952316284,100.00
1786411049.993,3.299999952316284,100.00
1786411050.197,3.299999952316284,100.00
1786411050.399,3.299999952316284,100.00
1786411050.602,3.299999952316284,100.00
1786411050.805,3.299999952316284,100.00
1786411051.007,3.299999952316284,100.00
1786411051.210,3.299999952316284,100.00
1786411051.414,3.299999952316284,100.00
1786411051.617,3.299999952316284,100.00
1786411051.821,3.299999952316284,100.00
1786411052.025,3.299999952316284,100.00
1786411052.227,3.299999952316284,100.00
1786411052.430,3.299999952316284,100.00
1786411052.633,3.299999952316284,100.00
1786411052.836,3.299999952316284,100.00
1786411053.039,3.299999952316284,100.00
1786411053.242,3.299999952316284,100.00
1786411053.444,3.299999952316284,100.00
1786411053.647,3.299999952316284,100.00
1786411053.850,3.299999952316284,100.00
1786411054.053,3.299999952316284,100.00
1786411054.256,3.299999952316284,100.00
1786411054.459,3.299999952316284,100.00
1786411054.663,3.299999952316284,100.00
1786411054.866,3.299999952316284,100.00
1786411055.069,3.299999952316284,100.00
1786411055.272,3.299999952316284,100.00
1786411055.476,3.299999952316284,100.00
1786411055.680,3.299999952316284,100.00
1786411055.883,3.299999952316284,100.00
1786411056.086,3.299999952316284,100.00
1786411056.288,3.299999952316284,100.00
1786411056.490,3.299999952316284,100.00
1786411056.693,3.299999952316284,100.00
1786411056.895,3.299999952316284,100.00
1786411057.098,3.299999952316284,100.00
1786411057.301,3.299999952316284,100.00
1786411057.505,3.299999952316284,100.00
1786411057.708,3.299999952316284,100.00
1786411057.910,3.299999952316284,100.00
1786411058.113,3.299999952316284,100.00
1786411058.316,3.299999952316284,100.00
1786411058.519,3.299999952316284,100.00
1786411058.723,3.299999952316284,100.00
1786411058.927,3.299999952316284,100.00
1786411059.130,3.299999952316284,100.00
1786411059.333,3.299999952316284,100.00
1786411059.536,3.299999952316284,100.00
1786411059.739,3.299999952316284,100.00
1786411059.941,3.299999952316284,100.00
1786411060.144,3.299999952316284,100.00
1786411060.347,3.299999952316284,100.00
1786411060.549,3.299999952316284,100.00
1786411060.753,3.299999952316284,100.00
1786411060.956,3.299999952316284,100.00
1786411061.160,3.299999952316284,100.00
1786411061.363,3.299999952316284,100.00
1786411061.567,3.299999952316284,100.00
1786411061.770,3.299999952316284,100.00
1786411061.974,3.299999952316284,100.00
1786411062.177,3.299999952316284,100.00
1786411062.380,3.299999952316284,100.00
1786411062.583,3.299999952316284,100.00
1786411062.785,2.816483497619629,98.00
1786411062.988,2.768131971359253,85.00
1786411063.191,2.723003625869751,82.00
1786411063.395,2.705274820327759,81.00
1786411063.598,2.697216033935547,81.00
1786411063.801,2.6279120445251465,79.00
1786411064.005,2.6222710609436035,79.00
1786411064.208,2.6134066581726074,79.00
1786411064.411,2.5787546634674072,78.00
1786411064.614,2.557802200317383,77.00
1786411064.817,2.4917216300964355,75.00
1786411065.020,2.3216850757598877,70.00
1786411065.224,2.243516445159912,67.00
1786411065.427,2.106520175933838,65.00
1786411065.631,1.9928938150405884,60.00
1786411065.835,1.7382417917251587,56.00
1786411066.038,1.6697436571121216,52.00
1786411066.240,1.5996336936950684,49.00
1786411066.443,1.5351648330688477,48.00
1786411066.647,1.5005128383636475,46.00
1786411066.849,1.4561904668807983,45.00
1786411067.052,1.43684983253479,44.00
1786411067.255,1.3796336650848389,42.00
1786411067.457,1.3200000524520874,41.00
1786411067.660,1.2635897397994995,38.00
1786411067.863,1.2289377450942993,37.00
1786411068.065,1.1507692337036133,35.00
1786411068.268,1.100000023841858,33.00
1786411068.470,1.0331135988235474,31.00
1786411068.673,0.966227114200592,31.00
1786411068.876,0.929157555103302,29.00
1786411069.078,0.8928937911987305,27.00
1786411069.280,0.8437362909317017,26.00
1786411069.482,0.7800732254981995,24.00
1786411069.685,0.7293040156364441,23.00
1786411069.888,0.692234456539154,21.00
1786411070.092,0.6519414186477661,19.00
1786411070.295,0.6430768966674805,19.00
1786411070.498,0.6277655959129333,19.00
1786411070.700,0.6068131923675537,18.00
1786411070.902,0.6060073375701904,18.00
1786411071.106,0.5520146489143372,16.00
1786411071.310,0.5439560413360596,16.00
1786411071.513,0.46901100873947144,16.00
1786411071.715,0.1136263757944107,14.00
1786411071.917,0.09750915318727493,2.00
1786411072.120,0.002417582320049405,0.00
1786411072.324,0.0,0.00
1786411072.528,0.0,0.00
1786411072.732,0.0,0.00
1786411072.935,0.0,0.00
1786411073.138,0.0,0.00
1786411073.341,0.0,0.00
1786411073.544,0.0,0.00
1786411073.748,0.0,0.00
1786411073.952,0.0,0.00
1786411074.154,0.0,0.00
1786411074.358,0.0,0.00
1786411074.561,0.0,0.00
1786411074.763,0.0,0.00
1786411074.966,0.0,0.00
1786411075.169,0.16600732505321503,5.00
1786411075.372,0.26029303669929504,7.00
1786411075.575,0.345714271068573,10.00
1786411075.779,0.3569963276386261,10.00
1786411075.982,0.3634432256221771,11.00
1786411076.186,0.425494521856308,12.00
1786411076.389,0.4295238256454468,13.00
1786411076.593,0.4367765784263611,13.00
1786411076.796,0.4593406617641449,13.00
1786411077.000,0.5286446809768677,16.00
1786411077.203,0.542344331741333,16.00
1786411077.406,0.5560439825057983,16.00
1786411077.608,0.7526739835739136,22.00
1786411077.812,1.0452015399932861,31.00
1786411078.015,1.053260087966919,31.00
1786411078.219,1.1298168897628784,34.00
1786411078.423,1.1386812925338745,34.00
1786411078.627,1.1435165405273438,34.00
1786411078.831,1.14996337890625,34.00
1786411079.034,1.4279853105545044,38.00
1786411079.237,1.714871883392334,43.00
1786411079.441,1.8035165071487427,54.00
1786411079.644,1.8752381801605225,56.00
1786411079.847,1.8978022336959839,57.00
1786411080.051,1.8978022336959839,57.00
1786411080.254,1.966300368309021,59.00
1786411080.457,1.9719414710998535,59.00
1786411080.660,1.9856411218643188,60.00
1786411080.863,2.3297436237335205,70.00
1786411081.066,2.4006593227386475,72.00
1786411081.268,2.444175958633423,73.00
1786411081.471,2.470769166946411,74.00
1786411081.673,2.5231502056121826,75.00
1786411081.876,2.583589792251587,76.00
1786411082.078,2.6190476417541504,78.00
1786411082.282,2.680293083190918,79.00
1786411082.485,2.7729671001434326,81.00
1786411082.688,2.844688653945923,85.00
1786411082.890,2.9800732135772705,87.00
1786411083.093,3.1509156227111816,92.00
1786411083.296,3.1960439682006836,96.00
1786411083.498,3.2927472591400146,99.00
1786411083.701,3.299999952316284,100.00
1786411083.904,3.299999952316284,100.00
1786411084.107,3.299999952316284,100.00
1786411084.311,3.299999952316284,100.00
1786411084.514,3.299999952316284,100.00
1786411084.717,3.299999952316284,100.00
1786411084.920,3.299999952316284,100.00
1786411085.123,3.299999952316284,100.00
1786411085.326,3.299999952316284,100.00
1786411085.529,3.299999952316284,100.00
1786411085.732,3.299999952316284,100.00
1786411085.935,3.299999952316284,100.00
1786411086.137,3.299999952316284,100.00
1786411086.340,3.299999952316284,100.00
1786411086.543,3.299999952316284,100.00
1786411086.746,3.299999952316284,100.00
1786411086.949,3.299999952316284,100.00
1786411087.153,3.299999952316284,100.00
1786411087.356,3.299999952316284,100.00
1786411087.560,3.299999952316284,100.00
1786411087.762,3.299999952316284,100.00
1786411087.965,3.299999952316284,100.00
1786411088.168,3.299999952316284,100.00
1786411088.371,3.299999952316284,100.00
1786411088.573,3.299999952316284,100.00
1786411088.776,3.299999952316284,100.00
1786411088.980,3.299999952316284,100.00
1786411089.182,3.299999952316284,100.00
1786411089.385,3.299999952316284,100.00
1786411089.589,3.299999952316284,100.00
1786411089.792,3.299999952316284,100.00
1786411089.995,3.299999952316284,100.00
1786411090.198,3.299999952316284,100.00
1786411090.401,3.299999952316284,100.00
1786411090.604,3.299999952316284,100.00
1786411090.808,3.299999952316284,100.00
1786411091.012,3.299999952316284,100.00
1786411091.215,3.299999952316284,100.00
1786411091.418,3.299999952316284,100.00
1786411091.621,3.299999952316284,100.00
1786411091.825,3.299999952316284,100.00
1786411092.028,3.299999952316284,100.00
1786411092.232,3.299999952316284,100.00
1786411092.436,3.299999952316284,100.00
1786411092.640,3.299999952316284,100.00
1786411092.843,3.299999952316284,100.00
1786411093.048,3.299999952316284,100.00
1786411093.252,3.299999952316284,100.00
1786411093.455,3.299999952316284,100.00
1786411093.658,3.299999952316284,100.00
1786411093.861,3.299999952316284,100.00
1786411094.065,3.299999952316284,100.00
1786411094.268,3.299999952316284,100.00
1786411094.471,3.299999952316284,100.00
1786411094.675,3.299999952316284,100.00
1786411094.878,3.299999952316284,100.00
1786411095.082,3.299999952316284,100.00
1786411095.287,3.299999952316284,100.00
1786411095.489,3.299999952316284,100.00
1786411095.694,3.299999952316284,100.00
1786411095.897,3.299999952316284,100.00
1786411096.100,3.299999952316284,100.00
1786411096.302,3.299999952316284,100.00
1786411096.505,3.299999952316284,100.00
1786411096.708,3.299999952316284,100.00
1786411096.912,3.299999952316284,100.00
1786411097.115,3.299999952316284,100.00
1786411097.319,3.299999952316284,100.00
1786411097.522,3.299999952316284,100.00
1786411097.725,3.299999952316284,100.00
1786411097.928,3.299999952316284,100.00
1786411098.132,3.299999952316284,100.00
1786411098.334,3.299999952316284,100.00
1786411098.537,3.299999952316284,100.00
1786411098.740,3.299999952316284,100.00
1786411098.944,3.299999952316284,100.00
1786411099.147,3.299999952316284,100.00
1786411099.351,3.299999952316284,100.00
1786411099.554,3.299999952316284,100.00
1786411099.757,3.299999952316284,100.00
1786411099.960,3.299999952316284,100.00
1786411100.163,3.299999952316284,100.00
1786411100.366,3.299999952316284,100.00
1786411100.569,3.299999952316284,100.00
1786411100.772,3.299999952316284,100.00
1786411100.975,3.299999952316284,100.00
1786411101.177,3.299999952316284,100.00
1786411101.381,3.299999952316284,100.00
1786411101.585,3.299999952316284,100.00
1786411101.788,3.299999952316284,100.00
1786411101.991,3.299999952316284,100.00
1786411102.194,3.299999952316284,100.00
1786411102.397,3.299999952316284,100.00
1786411102.600,3.299999952316284,100.00
1786411102.803,3.299999952316284,100.00
1786411103.006,3.299999952316284,100.00
1786411103.208,3.299999952316284,100.00
1786411103.411,3.299999952316284,100.00
1786411103.615,3.299999952316284,100.00
1786411103.819,3.299999952316284,100.00
1786411104.024,3.299999952316284,100.00
1786411104.227,3.299999952316284,100.00
1786411104.430,3.299999952316284,100.00
1786411104.633,3.299999952316284,100.00
1786411104.836,3.299999952316284,100.00
1786411105.039,3.299999952316284,100.00
1786411105.242,3.299999952316284,100.00
1786411105.445,3.299999952316284,100.00
1786411105.647,3.299999952316284,100.00
1786411105.850,3.299999952316284,100.00
1786411106.053,3.299999952316284,100.00
1786411106.257,3.299999952316284,100.00
1786411106.460,3.299999952316284,100.00
1786411106.663,3.299999952316284,100.00
1786411106.868,3.299999952316284,100.00
1786411107.071,3.299999952316284,100.00
1786411107.275,3.299999952316284,100.00
1786411107.479,3.299999952316284,100.00
1786411107.683,3.299999952316284,100.00
1786411107.886,3.299999952316284,100.00
1786411108.089,3.299999952316284,100.00
1786411108.294,3.299999952316284,100.00
1786411108.497,3.299999952316284,100.00
1786411108.701,3.299999952316284,100.00
1786411108.906,3.299999952316284,100.00
1786411109.111,3.299999952316284,100.00
1786411109.314,3.299999952316284,100.00
1786411109.517,3.299999952316284,100.00
1786411109.720,3.299999952316284,100.00
1786411109.924,3.299999952316284,100.00
1786411110.128,3.299999952316284,100.00
1786411110.330,3.299999952316284,100.00
1786411110.533,3.299999952316284,100.00
1786411110.736,3.299999952316284,100.00
1786411110.939,3.299999952316284,100.00
1786411111.143,3.299999952316284,100.00
1786411111.346,3.299999952316284,100.00
1786411111.550,3.299999952316284,100.00
1786411111.753,3.299999952316284,100.00
1786411111.956,3.299999952316284,100.00
1786411112.159,3.299999952316284,100.00
1786411112.362,3.299999952316284,100.00
1786411112.565,3.299999952316284,100.00
1786411112.768,3.299999952316284,100.00
1786411112.971,3.299999952316284,100.00
1786411113.175,3.299999952316284,100.00
1786411113.378,3.299999952316284,100.00
1786411113.581,3.299999952316284,100.00
1786411113.785,3.299999952316284,100.00
1786411113.988,3.299999952316284,100.00
1786411114.191,3.299999952316284,100.00
1786411114.394,3.299999952316284,100.00
1786411114.597,3.299999952316284,100.00
1786411114.800,3.299999952316284,100.00
1786411115.003,3.299999952316284,100.00
1786411115.208,3.299999952316284,100.00
1786411115.412,3.299999952316284,100.00
1786411115.615,3.299999952316284,100.00
1786411115.819,3.299999952316284,100.00
1786411116.023,3.299999952316284,100.00
1786411116.227,3.299999952316284,100.00
1786411116.430,3.299999952316284,100.00
1786411116.632,3.299999952316284,100.00
1786411116.837,3.299999952316284,100.00
1786411117.040,3.299999952316284,100.00
1786411117.243,3.299999952316284,100.00
1786411117.447,3.299999952316284,100.00
1786411117.651,3.299999952316284,100.00
1786411117.854,3.299999952316284,100.00
1786411118.057,3.299999952316284,100.00
1786411118.262,3.299999952316284,100.00
1786411118.465,3.299999952316284,100.00
1786411118.669,3.299999952316284,100.00
1786411118.871,3.299999952316284,100.00
1786411119.074,3.299999952316284,100.00
1786411119.277,3.299999952316284,100.00
1786411119.481,3.299999952316284,100.00
1786411119.684,3.299999952316284,100.00
1786411119.886,3.299999952316284,100.00
1786411120.089,3.299999952316284,100.00
1786411120.291,3.299999952316284,100.00
1786411120.494,3.299999952316284,100.00
1786411120.697,3.299999952316284,100.00
1786411120.900,3.299999952316284,100.00
1786411121.103,3.299999952316284,100.00
1786411121.307,3.299999952316284,100.00
1786411121.511,3.299999952316284,100.00
1786411121.714,3.299999952316284,100.00
1786411121.917,3.299999952316284,100.00
1786411122.121,3.299999952316284,100.00
1786411122.325,3.299999952316284,100.00
1786411122.529,3.299999952316284,100.00
1786411122.731,3.299999952316284,100.00
1786411122.935,3.299999952316284,100.00
1786411123.138,3.299999952316284,100.00
1786411123.342,3.299999952316284,100.00
1786411123.544,3.299999952316284,100.00
1786411123.747,3.299999952316284,100.00
1786411123.952,3.299999952316284,100.00
1786411124.155,3.299999952316284,100.00
1786411124.357,3.299999952316284,100.00
1786411124.560,3.299999952316284,100.00
1786411124.763,3.299999952316284,100.00
1786411124.966,3.299999952316284,100.00
1786411125.169,3.299999952316284,100.00
1786411125.372,3.299999952316284,100.00
1786411125.575,3.299999952316284,100.00
1786411125.778,3.299999952316284,100.00
1786411125.981,3.299999952316284,100.00
1786411126.184,3.299999952316284,100.00
1786411126.387,3.299999952316284,100.00
1786411126.591,3.299999952316284,100.00
1786411126.794,3.299999952316284,100.00
1786411126.998,3.299999952316284,100.00
1786411127.201,3.299999952316284,100.00
1786411127.404,3.299999952316284,100.00
1786411127.608,3.299999952316284,100.00
1786411127.811,3.299999952316284,100.00
1786411128.015,3.299999952316284,100.00
1786411128.217,3.299999952316284,100.00
1786411128.421,3.299999952316284,100.00
1786411128.624,3.299999952316284,100.00
1786411128.827,3.299999952316284,100.00
1786411129.031,3.299999952316284,100.00
1786411129.234,3.299999952316284,100.00
1786411129.436,3.299999952316284,100.00
1786411129.641,3.299999952316284,100.00
1786411129.844,3.299999952316284,100.00
1786411130.049,3.299999952316284,100.00
1786411130.252,3.299999952316284,100.00
1786411130.456,3.299999952316284,100.00
1786411130.659,3.299999952316284,100.00
1786411130.862,3.299999952316284,100.00
1786411131.065,3.299999952316284,100.00
1786411131.268,3.299999952316284,100.00
1786411131.471,3.299999952316284,100.00
1786411131.675,3.299999952316284,100.00
1786411131.877,3.299999952316284,100.00
1786411132.080,3.299999952316284,100.00
1786411132.285,3.299999952316284,100.00
1786411132.487,3.299999952316284,100.00
1786411132.692,3.299999952316284,100.00
1786411132.895,3.299999952316284,100.00
1786411133.097,3.299999952316284,100.00
1786411133.301,3.299999952316284,100.00
1786411133.505,3.299999952316284,100.00
1786411133.709,3.299999952316284,100.00
1786411133.912,3.299999952316284,100.00
1786411134.114,3.299999952316284,100.00
1786411134.318,3.299999952316284,100.00
1786411134.521,3.299999952316284,100.00
1786411134.724,3.299999952316284,100.00
1786411134.928,3.299999952316284,100.00
1786411135.130,3.299999952316284,100.00
1786411135.333,3.299999952316284,100.00
1786411135.537,3.299999952316284,100.00
1786411135.741,3.299999952316284,100.00
1786411135.973,3.299999952316284,100.00
1786411136.176,3.299999952316284,100.00
1786411136.380,3.299999952316284,100.00
1786411136.584,3.299999952316284,100.00
1786411136.787,3.299999952316284,100.00
1786411136.990,3.299999952316284,100.00
1786411137.194,3.299999952316284,100.00
1786411137.397,3.299999952316284,100.00
1786411137.600,3.299999952316284,100.00
1786411137.804,3.299999952316284,100.00
1786411138.007,3.299999952316284,100.00
1786411138.211,3.299999952316284,100.00
1786411138.415,3.299999952316284,100.00
1786411138.618,3.299999952316284,100.00
1786411138.822,3.299999952316284,100.00
1786411139.026,3.2959706783294678,99.00
1786411139.230,2.7552380561828613,83.00
1786411139.434,2.4747984409332275,74.00
1786411139.637,2.390183210372925,72.00
1786411139.842,2.385348081588745,72.00
1786411140.045,2.3716483116149902,71.00
1786411140.250,2.3805129528045654,72.00
1786411140.453,2.2846155166625977,69.00
1786411140.656,2.296703338623047,69.00
1786411140.860,2.061392068862915,62.00
1786411141.062,2.05252742767334,61.00
1786411141.265,2.055750846862793,62.00
1786411141.468,2.0605862140655518,62.00
1786411141.670,2.0484981536865234,62.00
1786411141.874,2.055750846862793,62.00
1786411142.077,2.058168649673462,62.00
1786411142.280,2.055750846862793,62.00
1786411142.483,2.0509157180786133,62.00
1786411142.685,2.0605862140655518,62.00
1786411142.889,2.053333282470703,62.00
1786411143.092,2.05252742767334,62.00
1786411143.295,2.0517215728759766,62.00
1786411143.498,2.058168649673462,62.00
1786411143.701,2.058168649673462,62.00
1786411143.904,2.055750846862793,62.00
1786411144.107,2.0517215728759766,62.00
1786411144.310,2.0549449920654297,62.00
1786411144.512,2.0493040084838867,62.00
1786411144.715,2.053333282470703,62.00
1786411144.918,2.0517215728759766,61.00
1786411145.122,2.0452747344970703,62.00
1786411145.325,2.0517215728759766,62.00
1786411145.528,2.05010986328125,62.00
1786411145.731,2.0509157180786133,61.00
1786411145.934,2.0452747344970703,62.00
1786411146.137,2.055750846862793,62.00
1786411146.340,2.0460805892944336,62.00
1786411146.543,2.05010986328125,62.00
1786411146.746,2.0517215728759766,62.00
1786411146.950,2.04769229888916,62.00
1786411147.153,2.0509157180786133,62.00
1786411147.356,2.0509157180786133,62.00
1786411147.559,2.0509157180786133,62.00
1786411147.662,2.0509157180786133,62.00
1786411155.907,2.05010986328125,62.00
1786411156.111,2.0484981536865234,62.00
1786411156.314,2.0517215728759766,62.00
1786411156.517,2.0509157180786133,62.00
1786411156.720,2.0517215728759766,62.00
1786411156.923,2.05252742767334,62.00
1786411157.127,2.05252742767334,62.00
1786411157.433,2.0565569400787354,62.00
1786411157.535,2.0484981536865234,62.00
1786411158.186,2.05010986328125,62.00
1786411158.501,2.0517215728759766,62.00
1786411158.704,2.05010986328125,62.00
1786411159.020,2.0509157180786133,62.00
1786411159.224,2.0549449920654297,62.00
1786411159.427,2.0517215728759766,62.00
1786411165.434,2.05010986328125,62.00
1786411165.638,2.0549449920654297,62.00
1786411166.400,2.0573627948760986,62.00
1786411166.828,2.058168649673462,62.00
1786411168.038,2.05010986328125,62.00
1786411168.241,2.0493040084838867,62.00
1786411168.445,2.0517215728759766,62.00
1786411168.648,2.0597803592681885,62.00
1786411169.413,2.0541391372680664,62.00
1786411169.941,2.0517215728759766,62.00
1786411170.145,2.0509157180786133,62.00
1786411170.349,2.05252742767334,62.00
1786411170.552,2.055750846862793,62.00
1786411170.755,2.0493040084838867,62.00
1786411170.959,2.05010986328125,62.00
1786411171.163,2.058974504470825,62.00
1786411171.265,2.0541391372680664,62.00
1786411171.468,2.0517215728759766,62.00
1786411171.997,2.0549449920654297,62.00
1786411172.200,2.0541391372680664,62.00
1786411172.404,2.05010986328125,62.00
1786411172.609,2.05010986328125,62.00
1786411172.812,2.05252742767334,62.00
1786411173.016,2.0549449920654297,62.00
1786411173.118,2.05010986328125,62.00
1786411173.320,2.0549449920654297,62.00
1786411173.524,2.05252742767334,62.00
1786411173.829,2.05010986328125,62.00
1786411174.033,2.05010986328125,62.00
1786411174.236,2.0509157180786133,62.00
1786411174.339,2.0509157180786133,62.00
1786411175.551,2.055750846862793,62.00
1786411175.977,2.055750846862793,62.00
1786411176.293,2.058168649673462,62.00
1786411177.500,2.0460805892944336,62.00
1786411177.936,2.0549449920654297,62.00
1786411178.139,2.05010986328125,62.00
1786411178.567,2.0549449920654297,62.00
1786411179.332,2.05010986328125,62.00
1786411179.646,2.053333282470703,62.00
1786411179.850,2.0509157180786133,62.00
1786411180.052,2.05010986328125,62.00
1786411180.256,2.0573627948760986,62.00
1786411180.459,2.0541391372680664,62.00
1786411180.774,2.053333282470703,62.00
1786411180.977,2.05010986328125,62.00
1786411181.181,2.053333282470703,62.00
1786411182.392,2.0509157180786133,62.00
1786411182.706,2.0436630249023438,61.00
1786411182.909,2.0541391372680664,62.00
1786411183.113,2.0549449920654297,62.00
1786411184.550,2.0541391372680664,62.00
1786411185.095,2.05252742767334,62.00
1786411188.199,2.580366373062134,82.00
1786411188.524,2.7109158039093018,82.00
1786411188.952,3.109816789627075,94.00
1786411189.594,3.129157543182373,94.00
1786411189.796,3.1114284992218018,94.00
1786411189.999,3.1162636280059814,94.00
1786411190.100,3.1073992252349854,94.00
1786411196.907,3.137216091156006,95.00
1786411200.912,3.109816789627075,94.00
1786411201.115,3.121098756790161,94.00
1786411202.775,3.131575107574463,94.00
1786411202.986,3.1082050800323486,94.00
1786411203.638,3.1049816608428955,94.00
1786411204.400,3.1073992252349854,94.00
1786411205.165,3.109010934829712,94.00
1786411205.368,3.299999952316284,100.00
1786411206.355,3.299999952316284,100.00
1786411207.108,3.299999952316284,100.00
1786411207.310,3.299999952316284,100.00
1786411207.514,3.299999952316284,100.00
1786411207.717,3.299999952316284,100.00
1786411207.819,3.299999952316284,100.00
1786411209.809,3.299999952316284,100.00
1786411210.115,2.245934009552002,66.00
1786411210.217,2.2048351764678955,66.00
1786411210.632,2.1653480529785156,62.00
1786411210.846,2.058168649673462,62.00
1786411215.086,1.9719414710998535,59.00
1786411216.073,1.585934042930603,48.00
1786411216.725,1.0411721467971802,31.00
1786411217.263,0.4029304087162018,12.00
1786411217.697,0.3980952203273773,12.00
1786411217.900,0.39970695972442627,12.00
1786411218.215,0.4021245241165161,12.00
1786411218.531,0.40373626351356506,12.00
1786411218.734,0.39970695972442627,12.00
1786411218.938,0.4021245241165161,12.00
1786411219.469,0.4021245241165161,12.00
1786411219.571,0.4021245241165161,12.00
1786411219.999,0.40051281452178955,12.00
1786411220.416,0.39970695972442627,11.00
1786411221.077,0.38923075795173645,11.00
1786411221.392,0.39970695972442627,12.00
1786411221.708,0.4021245241165161,12.00
1786411223.478,0.40373626351356506,12.00
1786411228.499,0.39970695972442627,12.00
1786411232.842,0.40051281452178955,12.00
1786411234.375,0.40373626351356506,12.00
1786411236.034,0.4021245241165161,12.00
1786411242.932,0.40857142210006714,12.00
1786411243.135,0.4021245241165161,12.00
1786411246.245,0.398901104927063,12.00
1786411257.839,0.40373626351356506,12.00
1786411257.940,0.4061538279056549,12.00
1786411258.042,0.4029304087162018,12.00
1786411261.051,0.4021245241165161,12.00
1786411261.814,0.4021245241165161,12.00
1786411275.547,0.4101831316947937,12.00
1786411275.649,0.4101831316947937,12.00
1786411277.963,0.40131866931915283,12.00
1786411278.167,0.4053479731082916,12.00
1786411278.370,0.40373626351356506,12.00
1786411278.575,0.4053479731082916,12.00
1786411278.779,0.40051281452178955,12.00
1786411278.982,0.40051281452178955,12.00
1786411279.186,0.41098901629447937,12.00
1786411279.288,0.40857142210006714,12.00
1786411279.817,0.40373626351356506,12.00
1786411280.031,0.4021245241165161,12.00
1786411280.458,0.40131866931915283,12.00
1786411280.997,0.39728936553001404,12.00
